	Region	1960	1961	1962	1963	1964	1965	1966	1967	1968	1969	1970	1971	1972	1973	1974	1975	1976	1977	1978	1979	1980	1981	1982	1983	1984	1985	1986	1987	1988	1989	1990	1991	1992	1993	1994	1995	1996	1997	1998	1999	2000	2001	2002	2003	2004	2005	2006	2007	2008	2009	2010	2011	2012	2013	2014
0	Maize_Spring_USA_Nebraska	-1.067823363636367	-1.1212274747474562	-0.703931585858574	-1.0397556969696926	-1.3441998080808104	-0.45620391919189984	0.0552319696969823	-0.43749214141413617	-0.5536562525252542	0.5853796363636565	-0.660464474747462	-0.21178858585857974	0.8644873030303026	0.12072319191921288	-1.5016809191919052	-0.6764450303030234	-0.7926091414141414	-0.030133252525231136	0.7323426363636516	0.7416985252525325	-1.257265585858585	0.5093703030303249	0.07940619191920728	-0.8526379191919107	0.2236379696969717	0.8605938585858812	0.7444297474747632	0.8165456363636459	0.26106152525252746	-0.04338258585856103	0.27977330303031955	0.10084919191920161	0.4867650808080839	-1.5749590303030336	0.505476858585876	-1.3679672525252409	0.5241886363636414	-0.28233547474747844	0.4173804141414319	-0.07534369696968568	-1.0073878080808027	0.1944080808080777	-1.1141960303030114	-0.10068014141412895	1.0383557474747533	0.16907163636363443	-0.07261247474745502	0.31330341414142815	0.385419303030309	1.2734151919191916	0.3413710808081021	-0.1513530303030155	-1.397197141414134	0.18115874747474692	0.6925946363636584
1	Maize_Spring_USA_Iowa	-0.283323363636367	0.35363252525254385	0.3316084141414253	0.40372430303030793	0.13066019191918965	0.2969160808080993	0.6200719696969816	0.4725278585858641	0.6387837474747462	0.8991796363636562	-0.03286447474746179	0.8551314141414199	1.6176073030303026	0.9366031919192119	-0.874080919191905	-0.36264503030302375	-0.41604914141414184	-0.8460132525252311	0.8578626363636506	1.4948185252525326	0.3117344141414149	1.136970303030325	0.7070061919192074	-1.4802379191919108	-0.0274020303030289	0.7350738585858823	1.1837497474747636	0.753785636363645	-2.2493384747474723	-0.2316625858585617	0.1542533030303206	-0.5267508080807985	1.239885080808083	-3.0811990303030337	1.321356858585876	-0.6148472525252417	0.2103886363636409	0.0942245252525229	0.4173804141414319	0.5522563030303136	0.12229219191919682	0.13164808080807866	1.0824039696969887	0.5896798585858711	1.9797557474747531	1.3615116363636357	0.8060275252525457	1.0036634141414282	0.8874993030303102	1.3989351919191915	0.27861108080810126	0.6017669696969836	-1.7109971414141345	-0.1326412525252536	0.6298346363636576
2	Maize_Spring_USA_Illinois	-0.0009033636363664499	0.573292525252544	0.8336884141414256	0.8430443030303074	0.2875601919191899	1.0500360808081002	0.18075196969698126	1.4453078585858643	0.45050374747474553	1.087459636363656	-0.7859844747474618	1.1061714141414205	1.2410473030303022	0.6855631919192131	-0.748560919191906	1.269114969696977	0.5881108585858579	0.3464267474747693	0.6068226363636517	1.4948185252525326	-0.7551855858585848	1.199730303030326	1.3973661919192075	-1.9823179191919102	0.09811796969697095	1.2999138585858816	1.1837497474747636	0.8793056363636449	-2.9396984747474724	0.08213741414143794	0.21701330303031963	-1.1543508080807987	1.3654050808080829	0.05680096969696535	1.5723968585858774	-1.242447252525241	0.08486863636364106	-0.4706154747474791	0.16634041414143397	-0.012583696969684866	0.5616121919191972	0.5082080808080782	-0.674876030303011	1.0289998585858697	1.9169957474747523	-0.5212883636363639	0.6177475252525451	1.2547034141414262	1.3895793030303096	0.9596151919191911	-0.22346891919189815	-0.33963303030301617	-3.719317141414134	0.7459987474747471	2.0105546363636577
3	Maize_Spring_USA_Indiana	-0.0009033636363664499	0.2594925252525435	0.6454084141414249	0.8430443030303074	-0.2145198080808104	1.0500360808081002	0.0552319696969823	0.31562785858586384	0.32498374747474656	0.9619396363636561	-0.660464474747462	0.79237141414142	0.8644873030303026	0.6228031919192123	-1.3134009191919054	0.13943496969697655	0.7763908585858585	0.15814674747476865	0.4185426363636511	0.5534185252525328	-0.566905585858585	0.07005030303032544	1.0835661919192079	-2.3588779191919107	0.28639796969697073	0.5467938585858816	0.36786974747476364	1.0675856363636456	-2.312098474747472	0.7097374141414381	0.3425333030303186	-2.0957508080807985	1.239885080808083	0.1823209696969652	0.8192768585858765	-1.242447252525241	-0.7310113636363598	-0.9099354747474777	-0.08469958585856752	-0.5146636969696861	0.24781219191919668	0.7592480808080797	-1.55351603030301	-0.10068014141412895	1.1638757474747532	0.16907163636363443	0.2411875252525455	-0.06325658585857319	0.19713930303031013	0.7713351919191922	-0.22346891919189815	-1.0299930303030163	-4.095877141414134	0.6832387474747481	1.2574346363636586
4	Maize_Spring_USA_Minnesota	-0.8795433636363668	-0.3367274747474571	-0.7666915858585748	-0.28663569696969216	-1.0931598080808103	-1.0210439191919	-0.1958080303030183	-0.563012141414136	-0.05157625252525477	0.14605963636365615	-0.09562447474746172	-0.3373085858585796	0.17412730303030255	0.05796319191921295	-2.0037609191919055	-1.6178450303030232	-2.4243691414141413	0.03262674747476879	0.16750263636365137	-0.19970147474746724	-0.504145585858585	0.1955703030303253	0.26768619191920795	-1.6685179191919106	-0.3412020303030294	0.04471385858588128	0.36786974747476364	0.5655056363636453	-2.8769384747474724	0.2076574141414378	0.028733303030319846	-0.3384708080807979	-0.8311949191919163	-3.708799030303034	0.6937568585858767	-0.8658872525252423	-0.6054913636363599	-0.28233547474747844	0.9194604141414331	0.6150163030303144	0.18505219191919586	-0.872511919191922	0.7058439696969891	-0.10068014141412895	0.599035747474753	1.4242716363636347	0.4922275252525452	-0.5653365858585726	0.3226593030303082	0.9596151919191911	1.0317310808081022	-0.465153030303016	0.04628285858586523	-0.44644125252525235	-0.7508853636363408
5	Maize_Spring_USA_Ohio	-0.0009033636363664499	0.2594925252525435	0.26884841414142535	0.2782043030303081	-0.6538398080808108	-0.20516391919190013	0.306271969696982	-0.12369214141413565	0.19946374747474582	0.14605963636365615	-0.4721844747474613	0.16477141414141983	0.11136730303030173	-0.757916808080787	-1.1878809191919055	-0.17436503030302308	0.33707085858585906	0.3464267474747693	0.2302626363636513	0.7416985252525325	0.5000144141414156	-0.6830696969696746	0.330446191919207	-1.9195579191919103	0.34915796969697155	0.7978338585858813	0.7444297474747632	0.12618563636364577	-2.1865784747474724	-0.2944225858585625	-0.15954669696967905	-1.844710808080798	0.9888450808080851	-1.198399030303034	0.505476858585876	-0.7403672525252407	-1.484131363636359	-0.1568154747474786	0.16634041414143397	-0.8912236969696847	0.3105721919191957	-0.37043191919192076	-3.561836030303011	0.5269198585858721	0.5362757474747539	-0.5212883636363639	0.36670752525254535	-0.3142965858585729	-1.6229006969696904	0.7713351919191922	-0.03518891919189748	-0.5906730303030159	-2.777917141414134	0.49495874747474744	0.5043146363636595
6	Maize_Spring_China_Jilin	-3.2591833636363665	-3.003747474747456	-3.2565115858585747	-3.3381756969696923	-3.3611398080808104	-3.5275039191918998	-3.413368030303018	-3.397132141414136	-3.5883962525252544	-3.946160363636344	-3.4807244747474617	-3.4425885858585796	-3.989452696969698	-3.363016808080787	-3.2244809191919055	-3.164145030303023	-3.4246091414141415	-3.851173252525231	-3.272737363636349	-3.132101474747467	-3.577365585858585	-3.3077296969696746	-3.1523938080807925	-1.4532579191919108	-1.104422030303029	-2.450686141414119	-2.1809502525252364	-1.6016143636363545	-1.2839784747474727	-2.6881425858585617	-0.8605066969696802	-1.7292708080807984	-2.047634919191916	-1.5075990303030338	-1.3641631414141235	-2.027027252525242	-1.38399136363636	-3.431375474747477	-0.7337795858585681	-1.6737736969696844	-4.395057808080804	-3.940621919191921	-3.1773260303030106	-3.115270141414129	-3.141604252525247	-3.0073583636363654	-2.5405824747474544	-3.4206965858585727	-2.7170406969696907	-3.8399748080808083	-3.499248919191899	-2.7301830303030163	-2.4573871414141344	-2.4925812525252526	
7	Maize_Spring_China_Liaoning	-3.246683363636367	-2.8668474747474564	-2.8752115858585743	-2.7715756969696925	-2.7759398080808104	-2.6764039191919	-2.775468030303018	-2.713932141414136	-2.943696252525254	-3.1421603636363438	-2.582024474747462	-2.84298858585858	-3.2914526969696976	-2.8629168080807874	-2.3229809191919055	-2.2356450303030235	-2.2188091414141415	-2.631473252525231	-2.300537363636349	-1.959701474747467	-1.9773655858585855	-2.1174296969696744	-1.9952938080807927	-0.899057919191911	-1.2432220303030288	-3.432286141414118	-2.463150252525236	-2.3980143636363547	-2.2783784747474725	-3.945642585858562	-1.9087066969696798	-1.8779708080807982	-1.8215349191919161	-1.3253990303030339	-3.7669631414141236	-2.899427252525242	-2.3014913636363596	-4.319465474747478	-1.839919585858567	-2.925773696969685	-5.040977808080804	-3.8061719191919208	-3.154186030303011	-2.941190141414129	-2.626614252525248	-3.1612383636363646	-3.5029924747474546	-3.885146585858573	-3.53643069696969	-5.057104808080809	-4.579898919191898	-3.8203330303030167	-3.858207141414135	-3.4640812525252525	
8	Maize_Spring_China_Heilongjiang	-1.5357833636363667	-3.3182474747474564	-3.185111585858574	-3.2285756969696924	-3.4398398080808104	-3.4653039191919	-3.086368030303018	-2.850932141414136	-3.211696252525254	-3.932060363636344	-3.0566244747474616	-2.9928885858585796	-3.7199526969696977	-3.268516808080787	-3.2477809191919054	-3.1888450303030234	-3.8752091414141416	-4.084573252525232	-3.243937363636349	-3.512601474747467	-3.829165585858585	-3.908429696969675	-4.4183938080807925	-4.116857919191911	-3.712922030303029	-4.560786141414118	-3.5469502525252365	-4.134514363636354	-4.276278474747473	-4.544042585858562	-3.1040066969696802	-3.3518708080807977	-3.1712349191919156	-2.718199030303034	-2.3816631414141236	-3.3053272525252417	-3.0256913636363594	-3.9851554747474776	-3.859319585858567	-4.166853696969685	-4.5249878080808035	-5.188761919191921	-4.463806030303012	-5.2179701414141295	-5.069184252525247	-4.7986483636363655	-5.0223024747474545	-6.015126585858573	-4.77481069696969	-5.172264808080809	-4.755818919191898	-4.360063030303016	-4.745327141414134	-4.520881252525252	
9	Maize_Summer_China_Hebei	-3.250983363636367	-3.2652474747474565	-3.3705115858585746	-3.6574756969696924	-3.5022398080808106	-3.5243039191919	-3.058668030303018	-3.2516321414141363	-3.442196252525254	-3.5850603636363436	-3.308224474747462	-3.32088858585858	-3.7945526969696974	-3.585016808080787	-3.2425809191919055	-3.7905450303030235	-3.8511091414141414	-4.327073252525231	-4.04983736363635	-3.752801474747467	-3.7596655858585852	-3.8748296969696745	-3.3273938080807928	-3.4906579191919107	-3.5333220303030286	-3.2920861414141185	-3.6763502525252365	-3.793814363636354	-3.7409784747474726	-3.761542585858562	-3.6904066969696796	-3.461870808080798	-3.786834919191916	-3.5681990303030338	-3.1544631414141238	-3.1686272525252415	-3.822901363636359	-4.4052254747474775	-4.082879585858567	-4.714453696969685	-4.902837808080803	-4.865801919191921	-5.132006030303011	-4.9500501414141285	-4.9793142525252465	-5.037048363636365	-4.794762474747455	-4.761446585858573	-4.7683106969696905	-4.994564808080809	-5.062078919191898	-4.791903030303017	-4.899367141414134	-4.944281252525252	
10	Maize_Summer_China_Shanxi	-2.695183363636367	-2.7347474747474565	-2.5218115858585746	-2.5380756969696923	-2.3486398080808106	-3.1107039191919004	-2.813868030303018	-2.955732141414136	-3.170096252525254	-3.0719603636363435	-2.9460244747474618	-2.7908885858585797	-3.430252696969698	-2.6354168080807874	-2.7883809191919053	-2.7498450303030233	-3.0233091414141415	-2.789673252525231	-2.942437363636349	-2.653001474747467	-3.048965585858585	-2.9437296969696747	-3.0627938080807926	-3.289757919191911	-3.1880220303030287	-2.9518861414141186	-3.913350252525236	-3.8796143636363545	-3.187078474747472	-2.880442585858562	-2.9576066969696804	-4.197270808080798	-3.314334919191916	-2.960999030303034	-3.669663141414124	-3.0814272525252413	-2.9824913636363597	-4.311225474747477	-3.3128995858585677	-4.731963696969686	-4.445457808080803	-5.332121919191922	-4.26179603030301	-4.053630141414129	-3.7663542525252467	-4.290938363636364	-4.3280924747474545	-4.687956585858572	-4.891430696969691	-5.452244808080808	-5.131438919191898	-5.003213030303016	-4.893377141414134	-4.704081252525253	
11	Maize_Summer_China_Shandong	-3.4816833636363667	-3.5067474747474563	-3.4284115858585746	-3.337075696969692	-3.3604398080808107	-3.3687039191919004	-3.000968030303018	-2.990532141414136	-3.4473962525252544	-3.357060363636344	-3.2669244747474617	-3.3487885858585797	-3.4282526969696976	-3.4325168080807873	-3.6570809191919054	-3.2847450303030232	-3.353209141414142	-3.118373252525231	-3.492537363636349	-3.058401474747467	-2.7392655858585853	-3.1001296969696748	-2.9112938080807926	-3.189557919191911	-2.2574220303030286	-2.680786141414118	-2.758550252525236	-2.349114363636354	-2.9284784747474726	-3.3284425858585616	-3.1348066969696804	-2.237470808080798	-3.0802349191919163	-2.764299030303034	-2.737463141414124	-2.608627252525242	-2.7779113636363597	-4.356085474747478	-3.0979795858585675	-3.194563696969686	-2.8359878080808034	-2.9146319191919208	-3.945916030303011	-3.3987801414141288	-3.2731642525252465	-3.142508363636365	-3.4621224747474546	-3.364126585858573	-3.27775069696969	-3.3741248080808086	-3.5391089191918983	-3.5882930303030154	-3.7005371414141344	-3.998181252525252	
12	Maize_Summer_China_Henan	-3.292383363636367	-3.695447474747456	-3.4009115858585743	-3.671675696969692	-3.36483980808081	-3.7613039191919	-3.507468030303018	-3.480132141414136	-3.595096252525254	-3.7750603636363436	-3.5031244747474615	-3.6596885858585795	-3.9830526969696978	-3.748116808080787	-3.769780919191905	-3.8954450303030232	-3.7247091414141416	-3.526773252525231	-3.574537363636349	-3.657101474747467	-3.419465585858585	-3.875829696969675	-4.093293808080793	-3.3775579191919105	-3.6183220303030286	-3.9431861414141185	-4.971150252525236	-3.908914363636354	-4.247278474747473	-3.6593425858585618	-3.34120669696968	-3.802170808080798	-3.879534919191916	-3.2629990303030345	-4.187763141414123	-3.4414272525252416	-3.62149136363636	-4.429685474747478	-3.590009585858567	-3.5268036969696848	-4.031867808080803	-3.797671919191921	-4.018976030303011	-6.052890141414129	-5.041164252525247	-4.321168363636365	-4.008982474747454	-4.034146585858573	-4.11751069696969	-4.317224808080809	-4.527598919191898	-4.584693030303017	-4.671217141414134	-4.817081252525252	
13	Maize_Summer_China_Shaanxi	-3.2047833636363667	-3.4876474747474564	-3.3281115858585744	-3.4585756969696924	-3.4023398080808107	-3.4762039191919003	-3.4471680303030183	-3.735132141414136	-4.030996252525254	-3.6768603636363437	-3.8363244747474616	-3.8536885858585794	-3.8852526969696974	-3.7077168080807876	-3.6499809191919055	-3.7523450303030232	-3.9038091414141416	-3.691073252525231	-3.665337363636349	-3.703801474747467	-4.037865585858585	-4.697729696969675	-3.9640938080807926	-3.890357919191911	-3.7648220303030286	-4.106486141414118	-4.4164502525252365	-4.2060143636363545	-4.512678474747473	-4.456342585858562	-4.49590669696968	-4.394970808080798	-4.524534919191916	-3.854599030303034	-5.567063141414124	-5.206827252525242	-4.107101363636359	-5.603445474747478	-4.166299585858567	-4.878773696969685	-5.001237808080804	-5.520971919191921	-5.4021060303030115	-5.328180141414129	-5.493994252525248	-5.305828363636365	-5.574682474747455	-5.448196585858573	-5.666850696969691	-5.440864808080809	-5.575778919191898	-5.517283030303017	-5.453027141414134	-5.394281252525252	
14	Maize_Argentina_All		-2.6175474747474565	-2.6073115858585743	-2.9689756969696925	-2.9322398080808103	-3.1709039191919	-2.815668030303018	-2.615432141414136	-3.255796252525254	-3.3849603636363437	-3.100324474747462	-3.1041885858585796	-3.8005526969696977	-3.0581168080807872	-3.0549809191919053	-3.502945030303023	-4.010309141414142	-2.965373252525231	-2.712937363636349	-3.368601474747467	-4.0215655858585855	-2.9072296969696745	-3.7957938080807927	-3.9100579191919107	-3.915822030303029	-3.6097861414141184	-3.543850252525236	-4.215314363636354	-3.7467784747474724	-4.7270425858585625	-4.29270669696968	-3.8252708080807976	-3.462134919191916	-3.746799030303034	-3.9810631414141238	-3.812027252525241	-4.41079136363636	-4.010955474747478	-2.604819585858568	-3.4287836969696857	-3.4822478080808033	-3.576011919191921	-3.0683760303030105	-2.786940141414129	-2.9867042525252474	-2.137268363636365	-3.709132474747455	-2.062796585858573	-3.391960696969691	-4.384624808080808	-2.272788919191899	-3.8426530303030164	-4.574517141414134	-3.8215812525252524	-3.7005453636363415
15	Maize_Bulgaria_All		-2.1399474747474563	-2.1106115858585746	-1.9926756969696924	-1.6068398080808106	-2.6179039191919	-1.122468030303018	-1.608032141414136	-2.024296252525254	-1.1331603636363434	-1.6915244747474616	-1.7009885858585796	-1.344952696969698	-1.664116808080787	-2.7870809191919053	-1.6824450303030236	-1.9813091414141413	-2.663173252525231	-2.638037363636349	-1.635401474747467	-2.733265585858585	-2.446429696969675	-1.319493808080793	-1.7112579191919108	-1.5277220303030283	-4.069986141414118	-2.328950252525236	-3.6680143636363542	-4.340978474747472	-3.615242585858562	-4.8764066969696795	-2.914570808080798	-5.173034919191916	-6.241099030303034	-5.4125631414141235	-4.510627252525241	-6.26949136363636	-4.988455474747478	-6.000119585858567	-4.975083696969685	-7.191247808080803	-6.560011919191922	-4.911076030303011	-6.463640141414129	-3.839804252525247	-4.1874683636363645	-5.079332474747455	-8.268796585858572	-5.689660696969691	-5.253524808080809	-3.8251889191918984	-4.661653030303016	-6.6291171414141346	-4.030981252525252	-2.859145363636342
16	Maize_Canada_All		0.19745252525254386	0.2711884141414256	-0.5062756969696922	0.33036019191918964	0.15669608080809994	0.19593196969698212	0.22926785858586385	0.12300374747474585	-0.6009603636363439	-0.1554244747474618	-0.3838885858585801	-0.954352696969698	-0.49061680808078734	-1.460980919191905	-0.27054503030302346	-0.8247091414141412	-0.4704732525252311	-1.1009373636363486	-0.9371014747474673	-0.9635655858585848	-0.8507296969696743	-0.9429938080807929	-1.422657919191911	-1.1594220303030287	-0.9683861414141184	-1.340450252525236	-0.3853143636363541	-2.0501784747474723	-1.2861425858585616	-0.8933066969696801	-1.1598708080807976	-2.2931349191919157	-1.677899030303034	-0.843363141414124	-1.081527252525242	-1.5363913636363593	-1.696455474747478	-0.6774195858585674	-0.824283696969685	-2.6307478080808036	-2.4126119191919217	-2.1346760303030106	-1.4443401414141288	-1.1388042525252473	-0.8924683636363646	-1.1384324747474555	-1.217496585858573	-0.7821606969696902	-1.5883248080808094	-0.3382889191918981	-1.2983530303030157	-1.0982171414141337	-0.8374812525252526	-1.1767453636363427
17	Maize_France_All		-1.8556474747474563	-2.3520115858585746	-0.5577756969696921	-2.3786398080808104	-0.8694039191919001	-0.4618680303030178	-0.993732141414136	0.06640374747474631	-0.4794603636363437	-0.33082447474746157	-0.13128858585857994	-1.3094526969696973	-0.15701680808078766	-1.3361809191919054	-1.8270450303030232	-2.0967091414141414	-1.005173252525231	-1.073337363636349	-1.256201474747467	-1.275165585858585	-0.8789296969696743	-0.5056938080807925	-0.6903579191919107	-1.0364220303030285	-0.5966861414141178	-1.1263502525252367	-0.25481436363635446	-0.24497847474747214	-0.7654425858585618	-1.7349066969696798	-0.5925708080807981	-0.02213491919191579	-0.05709903030303387	-0.4262631414141236	-0.6171272525252416	-0.06879136363635929	0.4925445252525229	-0.2303195858585667	0.1493163030303144	0.1616521919191971	-0.4675119191919208	-0.16877603030301103	-2.1471401414141287	-0.3892042525252464	-1.2420683636363652	-0.8919324747474544	-0.055596585858571856	-0.5450606969696903	-0.8597248080808093	-1.2454889191918976	-0.21975303030301596	-1.2237171414141343	-2.266081252525252	-0.49144536363634117
18	Maize_Germany_All		-1.4868474747474565	-1.2690115858585744	-1.1644756969696926	-1.3641398080808105	-1.3140039191919	-0.9540680303030182	-0.38243214141413606	-0.3035962525252538	-0.4390603636363437	-0.45592447474746134	-0.5067885858585797	-1.0030526969696973	-0.4434168080807872	-1.0753809191919057	-0.4941450303030237	-1.449009141414141	-0.43267325252523126	-1.0727373636363486	-0.07000147474746665	-0.9483655858585847	-0.26362969696967475	-0.2524938080807928	-1.4179579191919105	-1.4049220303030285	-0.5247861414141184	-0.333950252525236	-1.1450143636363546	0.18832152525252788	-0.10634258585856138	-0.9773066969696798	-1.0264708080807976	-0.7510349191919161	-0.07929903030303365	-1.1395631414141238	-0.967927252525242	-0.6250913636363595	0.05994452525252214	-0.5267195858585669	-0.013983696969685155	0.29675219191919666	-0.19361191919192144	0.22802396969698968	-1.8791401414141289	-0.25480425252524697	-0.28206836363636434	-1.581432474747455	-0.2807965858585728	-0.034560696969689886	-0.21062480808080863	-1.291388919191899	0.4313469696969836	0.1710828585858657	-1.597681252525252	0.14235463636365786
19	Maize_Netherlands_All		-0.4863474747474563	-0.6957115858585743	-0.35517569696969264	-0.7332398080808105	-0.6827039191919004	-0.9655680303030181	-1.290232141414136	-1.4941962525252541	-1.3140603636363437	-1.323424474747462	-0.6661885858585794	-2.329252696969698	-2.1120168080807873	-0.8948809191919054	-0.6264450303030236	-0.5716091414141413	1.131226747474769	0.783362636363651	-3.142401474747467	-2.670265585858585	-3.5599296969696748	-1.6695938080807924	-0.6312579191919108	-4.499022030303029	4.268913858585881	2.1898497474747636	1.1663856363636462	1.3677215252525272	2.362657414141438	1.3373933030303196	0.1660291919192023	0.03976508080808472	0.9942009696969656	-0.7316631414141233	-1.2899272525252412	-0.45049136363635967	-3.527255474747478	2.3171804141414327	-1.7801836969696856	2.0848521919191967	-0.13421191919192133	0.5571239696969883	-0.8715401414141297	-0.8977042525252461	-0.6758683636363649	-0.4592324747474539	2.2199034141414273	1.571839303030309	3.0347751919191914	1.6905110808081023	2.1425469696969834	2.0328828585858663	1.5193187474747472	3.2004546363636575
20	Maize_Poland_All		-1.6116474747474565	-2.3418115858585744	-2.4958756969696925	-2.3008398080808106	-2.8204039191919	-2.644168030303018	-2.667932141414136	-2.7450962525252542	-2.973660363636344	-3.0773244747474617	-2.89328858585858	-2.805452696969698	-2.064416808080787	-1.8522809191919052	-0.6787450303030234	-1.7226091414141411	-2.1917732525252314	-2.733237363636349	-2.575901474747467	-3.0475655858585853	-2.503229696969675	-2.6284938080807922	-2.804157919191911	-3.2295220303030288	-2.8753861414141184	-2.2182502525252366	-2.8017143636363544	-2.413878474747472	-2.858742585858562	-2.8409066969696797	-3.022870808080798	-4.315934919191916	-2.785999030303034	-4.467863141414123	-3.375727252525242	-3.37799136363636	-3.164055474747478	-2.855619585858567	-3.048383696969685	-2.8514478080808034	-2.9630119191919215	-2.991176030303011	-3.977440141414129	-3.6863042525252467	-3.763068363636365	-5.451232474747455	-3.1539965858585726	-4.029560696969691	-3.7344248080808082	-4.331188919191899	-3.0159530303030158	-2.9610171414141346	-3.849181252525252	-3.953345363636342
21	Maize_Romania_All		-2.7106474747474563	-2.9133115858585743	-2.8348756969696924	-2.7171398080808107	-3.0716039191919	-2.525668030303018	-2.952632141414136	-3.073096252525254	-2.9831603636363435	-3.3111244747474617	-3.03938858585858	-2.591452696969698	-3.2769168080807876	-3.3840809191919052	-3.2148450303030236	-2.6978091414141416	-3.194973252525231	-3.317137363636349	-2.921801474747467	-3.378765585858585	-4.004429696969675	-3.007793808080793	-3.432457919191911	-3.8561220303030286	-3.3206861414141184	-3.4748502525252367	-4.704414363636355	-4.736778474747473	-5.163542585858561	-4.99290669696968	-3.793070808080798	-5.938934919191916	-5.4965990303030345	-5.086463141414123	-5.142827252525242	-5.518591363636359	-4.390255474747478	-5.926819585858567	-5.170283696969685	-7.309047808080804	-5.965011919191921	-6.105376030303011	-6.19324014141413	-4.830104252525247	-5.514368363636365	-6.0367324747474544	-8.025296585858573	-6.6173606969696905	-6.543724808080809	-5.759188919191899	-5.663753030303016	-8.122117141414135	-5.931181252525252	-5.754445363636342
22	Maize_Ukraine_All																																	-5.478634919191916	-5.257499030303034	-5.856763141414124	-5.413627252525242	-5.71399136363636	-5.303855474747477	-6.148619585858567	-6.276983696969685	-5.906047808080803	-5.788811919191922	-5.630776030303011	-5.806740141414129	-5.524004252525247	-5.177468363636365	-5.876932474747455	-5.8281965858585725	-5.153360696969691	-4.941124808080809	-5.562088919191898	-3.748353030303016	-5.514517141414134	-4.013381252525252	-4.382545363636342
23	Maize_UK_All											-1.4302244747474617	-0.5463885858585797	-1.6625526969696978	-1.7787168080807874	-2.8948809191919054	-3.0110450303030234	-4.127209141414141	-2.971873252525231	-3.296737363636349	-4.685701474747467	-5.021865585858585																																		
24	Maize_Brazil_All		-3.0724474747474564	-3.1961115858585742	-3.3078756969696927	-3.5726398080808104	-3.4685039191919	-3.658968030303018	-3.698932141414136	-3.860996252525254	-3.999160363636344	-3.988124474747462	-4.20708858585858	-4.2495526969696975	-4.349216808080787	-4.3700809191919054	-4.506245030303024	-4.530509141414141	-4.611173252525231	-5.1398373636363495	-5.035101474747467	-4.812865585858585	-4.8750296969696745	-5.093393808080792	-5.190757919191911	-5.295522030303029	-5.306486141414118	-5.640250252525236	-5.420714363636354	-5.643678474747473	-5.579142585858563	-5.88000669696968	-6.061270808080798	-5.703034919191916	-5.569899030303034	-5.855263141414124	-5.733827252525241	-5.75349136363636	-5.943855474747478	-5.886419585858567	-6.039883696969685	-6.170447808080803	-5.628711919191922	-6.089576030303011	-5.536340141414129	-6.012704252525246	-6.455668363636365	-6.229832474747455	-5.943096585858573	-5.7644606969696905	-6.2461248080808085	-5.710088919191898	-5.982253030303016	-5.303417141414134	-5.171681252525253	-5.365345363636342
25	Maize_USA_All		-0.4663474747474563	-0.4388115858585744	-0.3574756969696926	-0.7834398080808103	-0.20020391919189962	-0.37636803030301813	-0.05523214141413568	-0.20879625252525447	0.07673963636365588	-0.8863244747474619	-0.01938858585857961	0.4271473030303019	-0.050916808080787135	-1.3829809191919056	-0.5897450303030238	-0.6066091414141415	-0.5418732525252308	-0.017437363636348735	0.39769852525253313	-0.8800655858585849	0.12997030303032453	0.2840061919192074	-1.851057919191911	-0.35842203030302855	0.23471385858588167	0.2041497474747631	0.11748563636364562	-2.210278474747472	-0.33954258585856234	-0.31550669696968026	-1.0524708080807983	0.26676508080808325	-1.7808990303030336	0.48153685858587636	-1.2113272525252423	-0.4727913636363601	-0.6144554747474773	-0.24461958585856713	-0.4010836969696854	-0.32414780808080224	-0.358011919191922	-1.0295760303030104	-0.3390401414141291	0.6837957474747522	-0.2107683636363653	-0.2545324747474549	-0.26989658585857335	-0.18486069696969132	0.3769751919191915	-0.4844889191918984	-0.9566530303030163	-2.5652171414141343	-0.499681252525253	0.19115463636365781
26	Maize_Global		-2.4424474747474565	-2.5213115858585744	-2.5859756969696925	-2.7395398080808104	-2.7257039191919	-2.757768030303018	-2.658132141414136	-2.908496252525254	-2.893460363636344	-3.0793244747474615	-2.8929885858585798	-2.9758526969696977	-3.0570168080807876	-3.338380919191905	-3.1978450303030233	-3.2901091414141415	-3.276573252525231	-3.203937363636349	-3.091001474747467	-3.438465585858585	-3.2147296969696746	-3.2151938080807927	-3.995157919191911	-3.530922030303029	-3.452486141414118	-3.6609502525252364	-3.9187143636363544	-4.421078474747473	-4.018742585858562	-4.06280669696968	-4.170070808080798	-4.079434919191916	-4.471499030303034	-4.1061631414141235	-4.524327252525241	-4.2443913636363595	-4.415555474747478	-4.247419585858568	-4.373483696969685	-4.591547808080803	-4.553811919191921	-4.759076030303011	-4.802640141414129	-4.434604252525247	-4.676368363636365	-4.840232474747455	-4.730296585858572	-4.761660696969691	-4.797124808080809	-4.8864889191918985	-5.017853030303017	-5.419817141414134	-4.964181252525252	-4.918545363636342
27	Maize_China_All		-3.1999474747474563	-3.2303115858585745	-3.2766756969696926	-3.2540398080808104	-3.3379039191919	-3.251468030303018	-3.145932141414136	-3.380396252525254	-3.537160363636344	-3.3411244747474615	-3.4002885858585796	-3.737552696969698	-3.4443168080807873	-3.426580919191905	-3.4688450303030236	-3.6200091414141413	-3.727573252525231	-3.556437363636349	-3.490601474747467	-3.513365585858585	-3.6573296969696747	-3.5555938080807925	-3.3148579191919105	-3.094522030303029	-3.5623861414141182	-3.5814502525252365	-3.4820143636363543	-3.5905784747474723	-3.756042585858562	-3.22830669696968	-3.2897708080807977	-3.451134919191916	-3.137899030303034	-3.5230631414141236	-3.4166272525252417	-3.2465913636363597	-4.176555474747477	-3.414219585858567	-3.853183696969685	-4.315947808080804	-4.331411919191921	-4.273776030303011	-4.4490401414141285	-4.258104252525247	-4.207868363636365	-4.284932474747454	-4.560996585858573	-4.288360696969691	-4.701324808080809	-4.616988919191898	-4.444853030303016	-4.439217141414134	-4.4091812525252525	-4.732345363636342
